Clinic Size Quartile,Average Five-Star Rating
Q1,2.883720930232558
Q2,2.81079717457114
Q3,2.805844155844156
Q4,2.740441572428648
