Five Star Rating,Number of Clinics,Percentage
1.0,929,13.246827320690146
2.0,1629,23.228290317980893
3.0,2823,40.25381434478825
4.0,1123,16.013118494225008
5.0,509,7.2579495223157
